{"cameraMode":{"drawMode":0,"name":"Shaded","section":"Shading Mode"},"sceneLighting":true,"audioPlay":false,"sceneViewState":{"showFog":true,"showMaterialUpdate":true,"showSkybox":false,"showFlares":true,"showImageEffects":true,"showParticleSystems":true},"in2DMode":false,"pivot":{"x":-6.686764717102051,"y":3.8861942291259767,"z":6.671069622039795},"rotation":{"x":0.14911042153835298,"y":0.6693969368934631,"z":-0.13974641263484956,"w":0.7142443060874939},"size":23.31333351135254,"orthographic":false}