{"cameraMode":{"drawMode":0,"name":"Shaded","section":"Shading Mode"},"sceneLighting":true,"audioPlay":false,"sceneViewState":{"showFog":true,"showMaterialUpdate":false,"showSkybox":true,"showFlares":true,"showImageEffects":true,"showParticleSystems":true},"in2DMode":false,"pivot":{"x":3.294865608215332,"y":1.7025458812713624,"z":-4.125481128692627},"rotation":{"x":0.03424094617366791,"y":-0.490418940782547,"z":0.019288556650280954,"w":0.8706002831459045},"size":10.273117065429688,"orthographic":false}